"team","nick_name","line","timestamp"
"Oregon State","Beavers","+3.5",2017-08-19 01:24:13
"Colorado State","Rams","-3.5",2017-08-19 01:24:13
"Hawaii","Warriors","EV",2017-08-19 01:24:13
"Massachusetts","Minutemen","EV",2017-08-19 01:24:13
"Portland State","Vikings","",2017-08-19 01:24:13
"BYU","Cougars","",2017-08-19 01:24:13
"USF","Bulls","-20",2017-08-19 01:24:13
"San Jose State","Spartans","+20",2017-08-19 01:24:13
"Stanford","Cardinal","-31",2017-08-19 01:24:13
"Rice","Owls","+31",2017-08-19 01:24:13
"FIU","Golden Panthers","+17",2017-08-19 01:24:13
"UCF","Knights","-17",2017-08-19 01:24:13
"Presbyterian","Blue Hose","",2017-08-19 01:24:13
"Wake Forest","Demon Deacons","",2017-08-19 01:24:13
"Austin Peay","Governors","",2017-08-19 01:24:13
"Cincinnati","Bearcats","",2017-08-19 01:24:13
"Buffalo","Bulls","+26.5",2017-08-19 01:24:13
"Minnesota","Golden Gophers","-26.5",2017-08-19 01:24:13
"Elon","Phoenix","",2017-08-19 01:24:13
"Toledo","Rockets","",2017-08-19 01:24:13
"Rhode Island","Rams","",2017-08-19 01:24:13
"Central Michigan","Chippewas","",2017-08-19 01:24:13
"Tennessee State","Tigers","",2017-08-19 01:24:13
"Georgia State","Panthers","",2017-08-19 01:24:13
"North Dakota","Fighting Sioux","",2017-08-19 01:24:13
"Utah","Utes","",2017-08-19 01:24:13
"Holy Cross","Crusaders","",2017-08-19 01:24:13
"UCONN","Huskies","",2017-08-19 01:24:13
"Tulsa","Golden Hurricane","+17",2017-08-19 01:24:13
"Oklahoma State","Cowboys","-17",2017-08-19 01:24:13
"Ohio State","Buckeyes","-20",2017-08-19 01:24:13
"Indiana","Hoosiers","+20",2017-08-19 01:24:13
"Florida A&M","Rattlers","",2017-08-19 01:24:13
"Arkansas","Razorbacks","",2017-08-19 01:24:13
"Sacramento State","Hornets","",2017-08-19 01:24:13
"Idaho","Vandals","",2017-08-19 01:24:13
"Louisiana-Monroe","Warhawks","+27",2017-08-19 01:24:13
"Memphis","Tigers","-27",2017-08-19 01:24:13
"New Mexico State","Aggies","+23.5",2017-08-19 01:24:13
"Arizona State","Sun Devils","-23.5",2017-08-19 01:24:13
"Fordham","Rams","",2017-08-19 01:24:13
"Army","Black Knights","",2017-08-19 01:24:13
"Charlotte","49ers","+13.5",2017-08-19 01:24:13
"Eastern Michigan","Eagles","-13.5",2017-08-19 01:24:13
"Central Connecticut State","Blue Devils","",2017-08-19 01:24:13
"Syracuse","Orange","",2017-08-19 01:24:13
"Navy","Midshipmen","-13",2017-08-19 01:24:13
"Florida Atlantic","Owls","+13",2017-08-19 01:24:13
"Washington","Huskies","-30.5",2017-08-19 01:24:13
"Rutgers","Scarlet Knights","+30.5",2017-08-19 01:24:13
"Colorado State","Rams","+6.5",2017-08-19 01:24:13
"Colorado","Buffaloes","-6.5",2017-08-19 01:24:13
"Utah State","Aggies","+28.5",2017-08-19 01:24:13
"Wisconsin","Badgers","-28.5",2017-08-19 01:24:13
"Boston College","Eagles","-2.5",2017-08-19 01:24:13
"NIU","Huskies","+2.5",2017-08-19 01:24:13
"Wyoming","Cowboys","+12.5",2017-08-19 01:24:13
"Iowa","Hawkeyes","-12.5",2017-08-19 01:24:13
"Missouri State","Bears","",2017-08-19 01:24:13
"Missouri","Tigers","",2017-08-19 01:24:13
"Maryland","Terrapins","+17",2017-08-19 01:24:13
"Texas","Longhorns","-17",2017-08-19 01:24:13
"Ball State","Cardinals","+7.5",2017-08-19 01:24:13
"Illinois","Fighting Illini","-7.5",2017-08-19 01:24:13
"Kent State","Golden Flashes","+38.5",2017-08-19 01:24:13
"Clemson","Tigers","-38.5",2017-08-19 01:24:13
"Akron","Zips","+33",2017-08-19 01:24:13
"Penn State","Nittany Lions","-33",2017-08-19 01:24:13
"Bowling Green","Falcons","+18",2017-08-19 01:24:13
"Michigan State","Spartans","-18",2017-08-19 01:24:13
"California","Golden Bears","+11",2017-08-19 01:24:13
"North Carolina","Tar Heels","-11",2017-08-19 01:24:13
"Bethune-Cookman","Wildcats","",2017-08-19 01:24:13
"Miami-FL","Hurricanes","",2017-08-19 01:24:13
"Youngstown State","Penguins","",2017-08-19 01:24:13
"Pittsburgh","Panthers","",2017-08-19 01:24:13
"Portland State","Vikings","",2017-08-19 01:24:13
"Oregon State","Beavers","",2017-08-19 01:24:13
"VMI","Keydets","",2017-08-19 01:24:13
"Air Force","Falcons","",2017-08-19 01:24:13
"South Carolina","Gamecocks","+5",2017-08-19 01:24:13
"NC State","Wolfpack","-5",2017-08-19 01:24:13
"Michigan","Wolverines","-3",2017-08-19 01:24:13
"Florida","Gators","+3",2017-08-19 01:24:13
"Temple","Owls","+15",2017-08-19 01:24:13
"Notre Dame","Fighting Irish","-15",2017-08-19 01:24:13
"Alabama A&M","Bulldogs","",2017-08-19 01:24:13
"UAB","Blazers","",2017-08-19 01:24:13
"UTEP","Miners","+44.5",2017-08-19 01:24:13
"Oklahoma","Sooners","-44.5",2017-08-19 01:24:13
"Nevada","Wolf Pack","+23.5",2017-08-19 01:24:13
"Northwestern","Wildcats","-23.5",2017-08-19 01:24:13
"William & Mary","Tribe","",2017-08-19 01:24:13
"Virginia","Cavaliers","",2017-08-19 01:24:13
"Troy","Trojans","+12.5",2017-08-19 01:24:13
"Boise State","Broncos","-12.5",2017-08-19 01:24:13
"Kentucky","Wildcats","-10",2017-08-19 01:24:13
"Southern Miss","Golden Eagles","+10",2017-08-19 01:24:13
"Charleston Southern","Buccaneers","",2017-08-19 01:24:13
"Mississippi State","Bulldogs","",2017-08-19 01:24:13
"Eastern Washington","Eagles","",2017-08-19 01:24:13
"Texas Tech","Red Raiders","",2017-08-19 01:24:13
"Stony Brook","Seawolves","",2017-08-19 01:24:13
"USF","Bulls","",2017-08-19 01:24:13
"Western Michigan","Broncos","+27",2017-08-19 01:24:13
"USC","Trojans","-27",2017-08-19 01:24:13
"Albany-NY","Great Danes","",2017-08-19 01:24:13
"Old Dominion","Monarchs","",2017-08-19 01:24:13
"North Carolina Central","Eagles","",2017-08-19 01:24:13
"Duke","Blue Devils","",2017-08-19 01:24:13
"James Madison","Dukes","",2017-08-19 01:24:13
"East Carolina","Pirates","",2017-08-19 01:24:13
"Appalachian State","Mountaineers","+14",2017-08-19 01:24:13
"Georgia","Bulldogs","-14",2017-08-19 01:24:13
"Miami-OH","RedHawks","EV",2017-08-19 01:24:13
"Marshall","Thundering Herd","EV",2017-08-19 01:24:13
"Hampton","Pirates","",2017-08-19 01:24:13
"Ohio","Bobcats","",2017-08-19 01:24:13
"Lamar","Cardinals","",2017-08-19 01:24:13
"North Texas","Mean Green","",2017-08-19 01:24:13
"Houston","Cougars","-13",2017-08-19 01:24:13
"UTSA","Roadrunners","+13",2017-08-19 01:24:13
"Houston Baptist","Huskies","",2017-08-19 01:24:13
"Texas State","Bobcats","",2017-08-19 01:24:13
"Liberty","Flames","",2017-08-19 01:24:13
"Baylor","Bears","",2017-08-19 01:24:13
"Southeast Missouri State","Indians","",2017-08-19 01:24:13
"Kansas","Jayhawks","",2017-08-19 01:24:13
"Southeastern Louisiana","Lions","",2017-08-19 01:24:13
"Louisiana-Lafayette","Ragin' Cajuns","",2017-08-19 01:24:13
"Eastern Kentucky","Colonels","",2017-08-19 01:24:13
"WKU","Hilltoppers","",2017-08-19 01:24:13
"Massachusetts","Minutemen","",2017-08-19 01:24:13
"Coastal Carolina","Chanticleers","",2017-08-19 01:24:13
"Northwestern State","Demons","",2017-08-19 01:24:13
"LA Tech","Bulldogs","",2017-08-19 01:24:13
"Central Arkansas","Bears","",2017-08-19 01:24:13
"Kansas State","Wildcats","",2017-08-19 01:24:13
"Cal Poly","Mustangs","",2017-08-19 01:24:13
"San Jose State","Spartans","",2017-08-19 01:24:13
"South Alabama","Jaguars","+26",2017-08-19 01:24:13
"Ole Miss","Rebels","-26",2017-08-19 01:24:13
"Louisville","Cardinals","-25",2017-08-19 01:24:13
"Purdue","Boilermakers","+25",2017-08-19 01:24:13
"Georgia Southern","Eagles","+34.5",2017-08-19 01:24:13
"Auburn","Tigers","-34.5",2017-08-19 01:24:13
"Alabama","Crimson Tide","-7",2017-08-19 01:24:13
"Florida State","Seminoles","+7",2017-08-19 01:24:13
"Vanderbilt","Commodores","-5",2017-08-19 01:24:13
"Middle Tennessee","Blue Raiders","+5",2017-08-19 01:24:13
"Arkansas State","Red Wolves","+16",2017-08-19 01:24:13
"Nebraska","Cornhuskers","-16",2017-08-19 01:24:13
"Jackson State","Tigers","",2017-08-19 01:24:13
"TCU","Horned Frogs","",2017-08-19 01:24:13
"Northern Iowa","Panthers","",2017-08-19 01:24:13
"Iowa State","Cyclones","",2017-08-19 01:24:13
"Stephen F. Austin","Lumberjacks","",2017-08-19 01:24:13
"SMU","Mustangs","",2017-08-19 01:24:13
"Abilene Christian","Wildcats","",2017-08-19 01:24:13
"New Mexico","Lobos","",2017-08-19 01:24:13
"Grambling State","Tigers","",2017-08-19 01:24:13
"Tulane","Green Wave","",2017-08-19 01:24:13
"Southern Utah","Thunderbirds","",2017-08-19 01:24:13
"Oregon","Ducks","",2017-08-19 01:24:13
"UC Davis","Aggies","",2017-08-19 01:24:13
"San Diego State","Aztecs","",2017-08-19 01:24:13
"Howard","Bison","",2017-08-19 01:24:13
"UNLV","Rebels","",2017-08-19 01:24:13
"LSU","Tigers","-13",2017-08-19 01:24:13
"BYU","Cougars","+13",2017-08-19 01:24:13
"Incarnate Word","Cardinals","",2017-08-19 01:24:13
"Fresno State","Bulldogs","",2017-08-19 01:24:13
"Montana State","Bobcats","",2017-08-19 01:24:13
"Washington State","Cougars","",2017-08-19 01:24:13
"Northern Arizona","Lumberjacks","",2017-08-19 01:24:13
"Arizona","Wildcats","",2017-08-19 01:24:13
"Western Carolina","Catamounts","",2017-08-19 01:24:13
"Hawaii","Warriors","",2017-08-19 01:24:13
"West Virginia","Mountaineers","+4.5",2017-08-19 01:24:13
"Virginia Tech","Hokies","-4.5",2017-08-19 01:24:13
"Texas A&M","Aggies","+3",2017-08-19 01:24:13
"UCLA","Bruins","-3",2017-08-19 01:24:13
"Tennessee","Volunteers","-3",2017-08-19 01:24:13
"Georgia Tech","Yellow Jackets","+3",2017-08-19 01:24:13
